<?xml version="1.0" encoding="UTF-8"?>
<!DOCTYPE mapper PUBLIC "-//mybatis.org//DTD Mapper 3.0//EN" "http://mybatis.org/dtd/mybatis-3-mapper.dtd">
<mapper namespace="product">

	<insert id="create" parameterType="productVO">
		INSERT INTO product(name, price, dsc, img, category)
		VALUES (#{name}, #{price}, #{dsc}, #{img}, #{category})
	</insert>

<!-- 상품 전체 리스트  -->
	<select id="list" resultType="productVO">
		select * from product
	</select>

<!-- 카테고리별 조회  -->	
	<select id="category" parameterType="productVO" resultType="productVO">
		select * from product where category = #{category}
	</select>

<!-- 상품별 상세 페이지 -->
	<select id="one" parameterType="productVO"
		resultType="productVO">
		select * from product where pdID = #{pdID}
	</select>
</mapper>