<?xml version="1.0" encoding="UTF-8"?>
<beans xmlns="http://www.springframework.org/schema/beans"
	xmlns:xsi="http://www.w3.org/2001/XMLSchema-instance"
	xmlns:context="http://www.springframework.org/schema/context"
	xmlns:tx="http://www.springframework.org/schema/tx"
	xmlns:aop="http://www.springframework.org/schema/aop"
	xsi:schemaLocation="http://www.springframework.org/schema/beans https://www.springframework.org/schema/beans/spring-beans.xsd
		http://www.springframework.org/schema/context http://www.springframework.org/schema/context/spring-context-4.3.xsd
		http://www.springframework.org/schema/aop http://www.springframework.org/schema/aop/spring-aop-4.3.xsd
		http://www.springframework.org/schema/tx http://www.springframework.org/schema/tx/spring-tx-4.3.xsd">
	
	<!-- Transaction 설정 -->
	<bean id="transactionManager" class="org.springframework.jdbc.datasource.DataSourceTransactionManager">
		<property name="dataSource" ref="dbcp"></property>
	</bean>
	
	<!-- Transaction을 위한 AOP 설정 -->
	<aop:config proxy-target-class="true">
		<aop:pointcut expression="execution(public * com.mega.plt.*.GameService.updateScore(..))" id="updateScore"/>
		<aop:advisor advice-ref="txAdvice" pointcut-ref="updateScore" />
	</aop:config>
	
	<!-- 선언적 Transaction 설정  -->
	<tx:advice id="txAdvice" transaction-manager="transactionManager">
		<tx:attributes>
			<tx:method name="updateScore" rollback-for="Exception" />
		</tx:attributes>    
 	</tx:advice> 
</beans>
